user_name,user_location,user_description,user_verified,date,text,hashtags,source
Raymond Norman,"Wisconsin & Minnesota, USAüá∫üá∏","Smart yet Simple 
Lover of Peeps Animals Earth Nature Culture
#Books #Movies #Music #News #Sports
 üåäüèíüèàüèÄ‚öæÔ∏èü•å‚õ≥Ô∏è

The @MainChannel_ Twitter #Promotion #Network",False,2022-09-14 04:21:04+00:00,"'5‚≠êÔ∏è - A very exciting story (by @WLP_Author) about an intriguing episode in English history'

https://t.co/vAUZMmQwpD

'...packed full with historical facts, drama and great characters.'

#KindleUnlimited
#London #England #crime #medieval #YA #MG 
#IARTG #Kindle #books #ebooks",,Postaside
The Main Channel,United States ,"The Maximum Exposure Twitter #Promotion #Network for #Indies & #SmallBusiness

#Marketing #Books #Authors #Filmmakers #Musicians #Artists

DM for #Promo Options",False,2022-09-14 04:21:03+00:00,"'5‚≠êÔ∏è - A very exciting story (by @WLP_Author) about an intriguing episode in English history'

https://t.co/nvRJy3QAIq

'...packed full with historical facts, drama and great characters.'

#KindleUnlimited
#London #England #crime #medieval #YA #MG 
#IARTG #Kindle #books #ebooks",,Postaside
Christopher Oldcorn,,Journalist and Opinion Writer @WSOnlineNews coldcorn@westernstandard.news,False,2022-09-14 04:20:00+00:00,Indigenous senator: Mass stabbing attacks caused by ‚Äúcolonial Canadian policies‚Äù - #news #canada #SaskatchewanStabbings #mylessanderson #mostwanted #rcmp #saskatchewan #sk #police #crime #parole #violentcrime #criminals #indigenous #firstnations #fsin https://t.co/uVVRT8xmZD,"['news', 'canada']",Buffer
CGF,Johannesburg and Cape Town,"Empowering business, growing people through good governance. Knowing matters!",False,2022-09-14 04:15:48+00:00,"The world is watching this #crime in SA, and so too are investors!

@CyrilRamaphosa When are you going to start applying good #governance in SA?

#PhalaPhalaFarmGate is an example of your lack of transparency; the destruction of SA by criminals is hardly surprising! https://t.co/fRyukwWldk",['crime'],Twitter for Android
Asia News Network,,An alliance of 23 major media titles in Asia; We know Asia better.,False,2022-09-14 04:15:45+00:00,"Mr Marcos also said that he wants to run an anti-drug campaign that is holistic, focusing more on prevention and rehabilitation.   #Crime #PolicyMatters #Philippines #TheStraitsTimes

https://t.co/TSeaw26xTa",,Blog2Social APP
Arrive Alive,South Africa,The Arrive Alive Online Initiative and Road Safety Information,True,2022-09-14 04:15:34+00:00,Law enforcement team dismantle alleged hijacking syndicate https://t.co/n0lPIf9ZWV #ArriveAlive #Crime #TruckJacking @SAPoliceService https://t.co/bFMRE1Hveb,"['ArriveAlive', 'Crime']",Hootsuite Inc.
Cannes Vibe,"Cannes, France","#Cannes | Everything Cannes | Qui y vient, y vit | Promotion des arts",False,2022-09-14 04:15:05+00:00,WILDERNESS - A dark and addictive thriller that you won't be able to put down https://t.co/y9seWlwYRn  @bevjoneswriting #Travel #RoadTrap #Crime https://t.co/5jRr6i1OR8,,Sendible
Derrick  R. Bickley,"Birmingham, United Kingdom","Author of Penguin Books prize-winning short story The Prisoner and crime thriller novel The Hit-and-Run Man, available in most formats. PLEASE NO DMs",False,2022-09-14 04:15:00+00:00,"""Gripping opening and plenty of twists and turns meant I couldn't put it down"" FIVE/FOUR star https://t.co/X3Ott0RnHd THE HIT-AND-RUN MAN at #Kindle or your favourite digital store and PAPERBACK HARDBACK AUDIOBOOK plus other formats #crimethrillers #NextChapterPub #crime https://t.co/cob0DFTGsb",,Twitter Web App
"ASEAN NOW Thailand, formerly Thaivisa.com",Thailand,ASEAN NOW is the largest ASEAN forum and news site for Expats and visitors with an interest in this growing region. ASEAN NOW formerly https://t.co/0L3gMjz11a,False,2022-09-14 04:14:57+00:00,"""Gripping opening and plenty of twists and turns meant I couldn't put it down"" FIVE/FOUR star https://t.co/X3Ott0RnHd THE HIT-AND-RUN MAN at #Kindle or your favourite digital store and PAPERBACK HARDBACK AUDIOBOOK plus other formats #crimethrillers #NextChapterPub #crime https://t.co/cob0DFTGsb",,Sprout Social
"Las Vegas casinos, hotels, travel, things to do","Las Vegas, NV","Las Vegas. Boulder Strip, Downtown, Henderson, North Las Vegas, Rancho, The Strip and Summerlin.",False,2022-09-14 04:13:16+00:00,"America is collapsing, it's a truly LAWLESS - NATION 

and this video by @TuckerCarlson proves every word.

https://t.co/jkQCjZCZKk  #USA #America #Crime #Statistics #equity",,Twitter Web App
BookKnocks,United States,"All about #Books #Authors and #Quotes
Visit to start your promotion today https://t.co/LLP8Ag4E00",False,2022-09-14 04:10:33+00:00,A thrilling fast paced crime story very well written by Shelly Frome! #Mystery #Romance #Crime #Thriller @shellyFrome https://t.co/KULhfhjHLB https://t.co/lVska2plPw,"['Mystery', 'Romance', 'Crime', 'Thriller']",SocialPilot.co
Avery Johnson,"New Brunswick, NJ",I like to laugh at the news! I release 3-5 episodes per week. Check me out! https://t.co/nvy6IhLasj #newscommentary #news #Crime #comedy #podcast #podnation,False,2022-09-14 04:07:07+00:00,"#NewVideo Man Dumps Ex-Girlfriends' Child's Ashes, AirPods Used To Locate Child In Stolen Vehicle, Inmate Forced To Listen To Baby Shark Found Dead https://t.co/dQOQSV83uD #Podcast #News #NewsCommentary #Crime #Comedy #currentnews #PodNation https://t.co/m1eXcdiNk9",['NewVideo'],Twitter Web App
Arrive Alive,South Africa,The Arrive Alive Online Initiative and Road Safety Information,True,2022-09-14 04:05:30+00:00,Carjacking suspects nabbed in sting operation https://t.co/uy6RSJIqjH #ArriveAlive #Crime #Hijacking @SAPoliceService,"['ArriveAlive', 'Crime', 'Hijacking']",Hootsuite Inc.
Book Promotion,,"Authors, Writers - Get Promotion For Your Kindle Books. Readers find new books and great quotes to read. https://t.co/WCCmP4DhJs",False,2022-09-14 04:03:03+00:00,"It is very well written with strong characters that really pull you in. Read ""The Fourth Rising (Peter Brandt Thrillers Book 3)"" now. #crime #fiction #thriller #historical #mystery #series #suspense  @MartinRoyHill Buy Now --&gt; https://t.co/PXe4B7RcI0 https://t.co/sGT4wJU8pi",,quotes as image scheduler
Vic Ferrari,,"Author Retired NYPD Detective 

Grand Theft Auto The NYPD‚Äôs Auto Crime Division
The NYPD's Flying Circus, Cops, Crime, Chaos
NYPD: Law & Disorder",False,2022-09-14 04:02:56+00:00,"NYPD, mob stories &amp; more. Preview for free!
https://t.co/FGvihqoHEI

#wwe #goldust #crime #truecrime #kindle #kindleunlimited #Sopranos #books #book #NYC #NYPD https://t.co/Td4EfuTs72","['wwe', 'goldust', 'crime', 'truecrime', 'kindle']",Twitter Web App
Mystery Tomes,On the case,"I cannot live without brain-work. What else is there to live for? 
#Mystery #CrimeFiction #Thriller",False,2022-09-14 04:00:12+00:00,SINS OF THE DEAD - Scary and full of suspense. You can feel the tensions emanating from the pages of the book https://t.co/JC79AadE5Q #Thriller #Crime #Fiction #CSI #LinAnderson #BloodyScotland https://t.co/3qLUzfcxqd,,Sendible
Author Shout,,Connecting authors with a world of new readers.  Learn more at https://t.co/Pd7nFvwhnT  #asmsg #iartg #amreading #amwriting #BookBoost #WritingCommunity,False,2022-09-14 04:00:01+00:00,"It‚Äôs difficult to understand any message coming from a dark and damaged mind.

Spiral Into Darkness is available at https://t.co/qPkFEF5SZm 

@JRLewisAuthor #amreading #thriller #crime #CrimeFiction #mystery #suspense #fiction #Kindle #KindleUnlimited #AuthorUproar #BookSnaps https://t.co/ZFmdayzHwv",,eClincher
Josh Lanyon,California,"Crime, craft and cocktails--in no particular order.  LGBTQ mysteries with a dash of romance. ;-) The Adrien English Mysteries and a whole lot more.",False,2022-09-14 03:55:16+00:00,September‚Äôs Best Psychological Thrillers https://t.co/vAA7rMIo7k #crime #writinglife https://t.co/byVuybrZmo,"['crime', 'writinglife']",SocialPilot.co
‚ú®ùíüùëíùëí‚ú®,Midwest & Coast to Coast ,"Life, Liberty & the Pursuit of Happiness. Chasing sunsets & making memories. üåÖ‚úàÔ∏è üåé üèù",False,2022-09-14 03:53:53+00:00,Tired of this every day in #chicago #massshooting #crime https://t.co/YrbZc7xt1t,"['chicago', 'massshooting', 'crime']",Twitter for iPhone
Author Assistant,,"Helping #Authors to promote their books while they write :)
#WritingCommunity",False,2022-09-14 03:53:02+00:00,Read an #Excerpt from The Damned Lovely by Adam Frost - #Mystery #Crime @Afrostbite23 @partnersincr1me https://t.co/5wwwhpVl1H via @b00kr3vi3ws,"['Excerpt', 'Mystery', 'Crime']",Triberr
Indie Book Butler,Floating in the Bibliosphere,"The best indie reads.
Author pages, book launches, interviews, book boosts, and more! 
Come and find your next great read!",False,2022-09-14 03:45:10+00:00,"For three years a serial killer known as the Penny Murderer terrified Monroe, Georgia. His signature was leaving a note on the body starting with ""A penny for your thoughts.""

https://t.co/4yxpgSi6qD #crime #thriller @JamesESmithJr79",,Hootsuite Inc.
David P Perlmutter - Author. Actor. Dreamer. ‚úçüèºüé¨,"London, England",My #BookToMovie BESTSELLING #TrueStory #WrongPlaceWrongTime with a #Hollywood director + my #CrimeFiction trilogy which readers want as a TV series! üôèüé¨üòé‚≠êÔ∏è,False,2022-09-14 03:45:00+00:00,"5‚≠êÔ∏è‚≠êÔ∏è‚≠êÔ∏è‚≠êÔ∏è‚≠êÔ∏è What can I say, your #CrimeFiction trilogy thrilled me. Well done David on some brilliant TV worthy writing! https://t.co/o4xjtR4Kpz
#CrimeFiction #bookboost #bookbangs #IARTG #mustread #BookBlitz #BookWorm #London #fiction #crime #TheCapture #WhatToRead #TVseries https://t.co/LeDj7KlWXI",['CrimeFiction'],TweetDeck
Indie Book Butler,Floating in the Bibliosphere,"The best indie reads.
Author pages, book launches, interviews, book boosts, and more! 
Come and find your next great read!",False,2022-09-14 03:40:28+00:00,"Detective Wilson Walker has been searching for years for the killer of his best friend's daughter.  Fifteen years after Kellie's disappearance, evidence shows up in an unlikely place. 
https://t.co/qHSfZk62aO

#Crime #thriller #Mystery #Coldcase #Suspense @KAWoodfordAuthor",,Hootsuite Inc.
Arrests.io,USA,"Latest Breaking News on Arrests, Crime, and Unlawful Acts! #crime #criminal #jail #safety #news #violence #police #law #legal",False,2022-09-14 03:37:40+00:00,ARREST MADE IN GUN POINT CRACK ROBBERY ‚Äì Lake Superior News - https://t.co/yCL4jXtrId &lt;&lt;&lt; #crime #criminal #police #law #legal #court #arrested #crimes #arrest #crimes #arrests,"['crime', 'criminal', 'police']",IFTTT
Futures Contrarian üá∫üá∏ Oil & Natural Gas USA #1,North Dakota ,"Not #investment advice. All tweets are my OPINION.
Permian Niobra Eagle Ford Marcellus Bakkenshale Shale",False,2022-09-14 03:36:13+00:00,"Asheville, NC - Crime is up 31% https://t.co/lIpCi0Rkom #Asheville #NC #NorthCarolina #Crime","['Asheville', 'NC', 'NorthCarolina', 'Crime']",Twitter Web App
Jennifer Chase,"California, USA","International Award-winning author of the Emily Stone #Thriller Series. #Bookouture Author. Criminologist. Screenwriter. Loves photography, hiking, and dogs.",False,2022-09-14 03:35:01+00:00,"Alone in the jungle, Emily Stone must track the clues before it's too late DARK MIND #BookBuzzr #forensics #crime - https://t.co/JJBrtR0qrG","['BookBuzzr', 'forensics', 'crime']",BookBuzzr
Daily Fatafat News,"bhopal, madhya pradesh","Daily news in seconds
More updates on news",False,2022-09-14 03:34:06+00:00,"3Year Old Child Raped in Bhopal by Bus Driver of Billabong School.

#Rape
#Bhopal
#MadhyaPradesh
#RapeOfChild
#SchoolBusDriver
#Crime https://t.co/WAxRRD2Nsd","['Rape', 'Bhopal', 'MadhyaPradesh', 'RapeOfChild']",Twitter Web App
Regulation Asia,Asia,"News, Commentary, Analysis on Financial Services #Regulation across #Asia Pacific. Sign up to our free newsletter: https://t.co/fEnMe10ag7",False,2022-09-14 03:30:00+00:00,"The @AusFedPolice has set up a new #cryptocurrency unit to target #moneylaundering. The new unit will target #assets and provide investigative tracing capabilities for all of the AFP‚Äôs commands across all of its businesses.#Australia #Crime
https://t.co/8YdrRcXTfq","['cryptocurrency', 'moneylaundering']",Twitter Web App
Christopher Oldcorn,,Journalist and Opinion Writer @WSOnlineNews coldcorn@westernstandard.news,False,2022-09-14 03:30:00+00:00,Indigenous senator: Mass stabbing attacks caused by ‚Äúcolonial Canadian policies‚Äù - #news #canada #SaskatchewanStabbings #mylessanderson #mostwanted #rcmp #Sask #saskatchewan #sk #crime #parole #violentcrime #criminals #indigenous #firstnations #fsin https://t.co/uVVRT8xmZD,"['news', 'canada']",Buffer
AJ Blackston - Financial IT Solutions Consultant,"Washington, DC","News: #Arbitration #Banking #CyberSecurity #Education 
#LegalIssues #ManagementConsulting #Medicine #PopCulture #USGovernment #USMilitary #WhiteCollarCrime",False,2022-09-14 03:27:10+00:00,U.S. Rep. Elaine Luria to receive additional security in Norfolk after receiving threats https://t.co/zRLMdWRnKk #WhiteCollarCrime #Fraud #Ponzi #InsiderTrading #Embezzlement #Crime #Fraud #Scams #APT #TechNews #AI #Malware #Hackers Please Retweet,,Microsoft Power Platform
Quotesrain,,QuotesRain Official Twitter Account. #Quotes #BookTeaser #Author #Books #Interview #TweetScheduler #NewRelease #BookPromotion #KindleUnlimited,False,2022-09-14 03:22:01+00:00,"The characters are complex, the story engaging, the writing style very entertaining. Order ""The Lonely Life of a Pornographer's Wife"" now. #erotic #romance #fiction #romantic #crime  @http://r.com/jayceeley Buy Now --&gt; https://t.co/k3dKFHiHEs https://t.co/NFJcuyLWcL",,AllAuthor.com
Dee J,,"Mom üòç Grandma üòç üá∫üá∏ üáÆüáπ 
‚ù§Ô∏è God, Family, Country üá∫üá∏
üóΩ #FreedomMatters ü¶Ö
Celebrate Life! Pro-Life!",False,2022-09-14 03:22:00+00:00,"#BIDEN #OBAMA/#BidenAdministration
#JesseWaters #Hannity #Ingraham #TruckerCarlson

#JoeBiden's #ReportCardüá∫üá∏#USA
‚ö†Ô∏èüåäColoredüëì
#CRIME
#BORDER
#DOWüìâ1276pts
#INFLATION 8.3%üìà
#InflationReductionAct‚û°Ô∏è#Recession
#TRANS-#Gender‚ôÇÔ∏è‚ôÄÔ∏è#ChildAbuse
#ParentsRights
üëéNOT OK #BidenIsAFailure","['BIDEN', 'OBAMA', 'BidenAdministration', 'JesseWaters', 'Hannity', 'Ingraham', 'TruckerCarlson', 'JoeBiden', 'ReportCard', 'USA']",Twitter Web App
Self-Publishers' Showcase üìö,Worldwide,"The best books, from the best #Indieauthors, since 2013. 

Prices from only $4.99 per month / $45 per year.",False,2022-09-14 03:20:14+00:00,"In 2015, at the Crossrail dig in London, two bodies are found, just as a spate of murders takes place. https://t.co/cvveyIGvaj #crime #thriller #mystery @steveedwardes",,Hootsuite Inc.
Michele Weinstat Miller (also Michele W. Miller),NYC,Author: ‚ÄúGONE BY MORNING‚Äù (@CrookedLaneBks);‚ÄúWIDOWS-IN-LAW‚Äù (Blackstone); ‚ÄúTHE 13th STEP: ZOMBIE RECOVERY.‚Äù Repped Writers House. ExChief NYC Ethics Prosecutor.,False,2022-09-14 03:20:08+00:00,"Kirkus Reviews says:
-- ""Mary Higgins Clark with teeth,"" 
--""Remarkable main characters,"" 
-- ""Humorous and surprising satire.""

Learn more at https://t.co/rIZzyGphF6.

#booktwt #thriller #booklover #crime #zombies #novel #suspense https://t.co/nYDrtPA4qG",,Canva
TheOwlSay,,I want to change the world. ‚öñÔ∏èüëç,False,2022-09-14 03:17:25+00:00,"#Malta üá≤üáπ About time
to change laneüö©
Malta have 3 legal systems: One for rich Maltese, one for Maltese &amp; one for Foreigners!
#Corruption #Impunity
#Nepotism #Greed
#Favours #Crime #Govt #Whitecollarcrime 
@RobertAbela_MT 
@MaltaGov @PL_Malta 
@EU_Commission üá™üá∫
#LeavingMalta ‚úàÔ∏è https://t.co/PyXyNo7cTg",['Malta'],Twitter for Android
AJ Blackston - Financial IT Solutions Consultant,"Washington, DC","News: #Arbitration #Banking #CyberSecurity #Education 
#LegalIssues #ManagementConsulting #Medicine #PopCulture #USGovernment #USMilitary #WhiteCollarCrime",False,2022-09-14 03:16:25+00:00,Indian Citizen Pleads Guilty In First-Ever Cryptocurrency Insider Trading Case In The US https://t.co/G7WUFk9G8E #WhiteCollarCrime #InsiderTrading #Embezzlement #Crime #Ponzi #Fraud #Scams #APT #TechNews #AI #Malware #Hackers Please Retweet,,Microsoft Power Platform
Self-Publishers' Showcase,Worldwide,"The best books, from the best #Indieauthors, since 2013.

Also at @SelfPubShowcase and @SelfPubShow3

#SPShow",False,2022-09-14 03:15:12+00:00,Rare Breed. A Ray Howard Story by @JamesKendall41 https://t.co/QwnxySgheR #crime #drama,"['crime', 'drama']",Hootsuite Inc.
HadEnoughBS,,"Taxpayer, Father, Republican, Car Guy‚Ä¶",False,2022-09-14 03:13:34+00:00,@ericadamsfornyc New Yorkers on a block in Lower Manhattan pooled their money to hire two private security guards last month amid a rise in crime. #NYC #Crime #DemocratsAreTheProblem,,Twitter for iPhone
Raymond Norman,"Wisconsin & Minnesota, USAüá∫üá∏","Smart yet Simple 
Lover of Peeps Animals Earth Nature Culture
#Books #Movies #Music #News #Sports
 üåäüèíüèàüèÄ‚öæÔ∏èü•å‚õ≥Ô∏è

The @MainChannel_ Twitter #Promotion #Network",False,2022-09-14 03:12:06+00:00,"Fade Out: The Beginning by @AnaJobrail. 

In a large city somewhere in Florida, no one notices the senior citizens disappear one by one.

Get your copy now!
https://t.co/o6fLeBtjAj

#fiction #crimefiction #crime #disappearance #books",,Postaside
The Main Channel,United States ,"The Maximum Exposure Twitter #Promotion #Network for #Indies & #SmallBusiness

#Marketing #Books #Authors #Filmmakers #Musicians #Artists

DM for #Promo Options",False,2022-09-14 03:12:06+00:00,"Fade Out: The Beginning by @AnaJobrail. 

In a large city somewhere in Florida, no one notices the senior citizens disappear one by one.

Get your copy now!
https://t.co/gpREqlSaFO

#fiction #crimefiction #crime #disappearance #books",,Postaside
BookKnocks,United States,"All about #Books #Authors and #Quotes
Visit to start your promotion today https://t.co/LLP8Ag4E00",False,2022-09-14 03:10:27+00:00,Get ready for a rollercoaster of twists and turns you'll never see coming! #Mystery #Romance #Crime #Thriller @shellyFrome https://t.co/KULhfhkfB9 https://t.co/qUjwZsD9oX,"['Mystery', 'Romance', 'Crime', 'Thriller']",SocialPilot.co
Quincie Onyejekwe,Port Coquitlam,Stay Motivated. Be Successful.,False,2022-09-14 03:05:38+00:00,"Any lawyers
Willing to take this case? At this
Point it‚Äôs about doing what is
Right and not having this #fraud
Company @FlyFrontier commit this #crime to another customer. Shame
On this company #crooks #thieves #scammers #FRAUDSTERS @CBS @NBCNews @GlobalTV @Cityline @bbb_us",['fraud'],Twitter Web App
Eu Assisti,Brasil,"O seu gerenciador de filmes, s√©ries e muito mais...",False,2022-09-14 03:05:32+00:00,"Twenty-One Fingerprints
https://t.co/QkmAzrwYem
#filme #serie #euassisti #crime #twentyonefingerprints https://t.co/QMU9i9CkYu","['filme', 'serie', 'euassisti', 'crime', 'twentyonefingerprints']",EuAssistiApp
Deccan Herald,India,"Bengaluru & Karnataka's leading news daily for over 74 years. Authentic, definitive, and fresh: like your morning filter coffee. Got a story? Tweet or DM us.",True,2022-09-14 03:00:11+00:00,"#Bengaluru #police can now check the #criminal record of anyone while patrolling the streets. 

#BengaluruTraffic #TrafficPolice #Karnataka #Crime

https://t.co/yjKLZni1VU","['Bengaluru', 'police', 'criminal', 'BengaluruTraffic']",Hootsuite Inc.
books2delight,Worldwide,üìéGreat Books Listed Daily! #WritingCommunity  BOOK PROMOTION to 1.35 MILLION Readers #Author #BookPromo #amreading,False,2022-09-14 03:00:01+00:00,"Gertie, Ida Belle, and Fortune face some tough decisions that are guaranteed to linger for many months to come.

‚òÄÔ∏è BAYOU SUMMER ‚òÄÔ∏è 

‚û°Ô∏è https://t.co/4d0Msxg1XU

#New #99cents #99c #bookbuzz #kindle #eBook #Amazon #book #fiction #crime #suspense #bookmarketing @RileyBlakeBooks https://t.co/ZvETLmRl4i",,Sprout Social
Derrick  R. Bickley,"Birmingham, United Kingdom","Author of Penguin Books prize-winning short story The Prisoner and crime thriller novel The Hit-and-Run Man, available in most formats. PLEASE NO DMs",False,2022-09-14 03:00:01+00:00,"Looking for something to perk up your E-reading? Like a ""tough, all-action thriller"" and would love a ""book you can't put down?"" Now at #Kindle or your favourite digital store https://t.co/veGojEQeqJ FIVE/FOUR star THE HIT-AND-RUN MAN a perfect fit #crimethriller #crime #mustread https://t.co/K41IHouLQ5",,Twitter Web App
BrianNJ,,#regulate #twitter,False,2022-09-14 02:59:17+00:00,@sianetta #hate #crime #racist.  #Doj won‚Äôt investigate or charge,"['hate', 'crime', 'racist', 'Doj']",Twitter for iPhone
unquestionably criminal,,Unquestionably Criminal tells the stories of victims of crime. Follow along as we uncover the cases that haunt us. @UQCriminal https://t.co/rHU9E0oCP6,False,2022-09-14 02:57:55+00:00,16-Year-Old Kills Dad for Not Buying Him a New Car #crime #truecrime #murder #criminaljustice https://t.co/hb9EmulNGR,"['crime', 'truecrime', 'murder', 'criminaljustice']",Twitter Web App
Sandeep Ohri,"Bengaluru, India",#BusinessStrategy #BehavioralDesign #DigitalStrategy #Leadership #Rotarian #TalkShowHost #IndependentDirector @sandeepohri on LI/FB https://t.co/MKBHsUMAEN,False,2022-09-14 02:55:10+00:00,"A news item worth keeping in mind, well, at least for some folks.... #Bengaluru Central Prison has been adjudged the Best #Prison in the country. It was rated No. 1, out of 1,319 prisons. (Hindu)

#thecuratednews #india #karnataka #crime https://t.co/zoUqlyO3P2",['Bengaluru'],Hookle App
haggis2,,writer/editor,False,2022-09-14 02:48:00+00:00,This is insane. Good grief. Can someone help this woman? #Trending #Crypto #Poshmark #NintendoDirect #SHIB #bb24 #BLACKPINK #law #teens #crime @morgfair @PattyArquette @ReeseW @johnlegend @chrissyteigen @brontyman @MaddowBlog @peoplemag @TMZ @GuardianJessica https://t.co/KqeKhyahHF,"['Trending', 'Crypto', 'Poshmark', 'NintendoDirect', 'SHIB', 'bb24']",Twitter Web App
Arvind Chauhan,‡§ú‡§π‡§æ ‡§ï‡§π‡§æ‡§®‡•Ä ‡§Æ‡§ø‡§≤‡•á‡•§ ,Raconteur with @timesofindia | LIKES R 4 archives | DM 4 video & pic credit | Views are personal so as account,True,2022-09-14 02:47:34+00:00,"Woman (26) books two separate rooms on her name for two 'boyfriends'. Found dead in hotel's room bathroom. One #boyfriend missing.

#Crime #Lucknow https://t.co/jXyRFxAmFS https://t.co/pwpU24DEQ3",,Twitter for Android
Jean Paul Lozada,"New York, NY",#DataScience / #BusinessIntelligence / #Cathartic musings / Lover of #humanity / Send me #nerdstuff / #LoveThyNeighbor / #DontBeAJerk,False,2022-09-14 02:47:06+00:00,"Reminder: #Libel is a #crime. So is making false allegations of criminal behavior. Tread very carefully. 

(You know who you are. I won't namedrop like you do. Here's some #advice: It's easier and healthier to just #BeKind! I hope you find #peace and I wish you the best.)","['Libel', 'crime']",Twitter Web App
br0sint,,#br0sint | #OSINT | #DeepKitts,False,2022-09-14 02:46:01+00:00,".@GovKathyHochul - nothing like a good inflation bump to align with @POTUS and keep pushing #crime up, and wealth down in #NYS. Hilarious how bad you are as a gob'na. @leezeldin",['crime'],Twitter Web App
Steve Salerno ... ·¥Äs E·¥Ö·¥á…¥ s…™…¥·¥ãs ·¥õ·¥è …¢ Ä…™·¥á“ì.,United States,"Media bias begins with cherry-picking stories to cover. Teacher-of-Year 2020. Award-winning essayist. Fastball hitter. Not white/Ital, just Steve. Memoir coming",False,2022-09-14 02:41:28+00:00,"Watched @LesterHoltNBC give 5 mins to this story.
We shouldn't use the n-word. But based on #media coverage one would think using the n-word is a worse #crime than the 55+ murders that occur daily in the US...almost none of which get 5 mins on the #news.
https://t.co/l97BOOGSAy",['media'],Twitter Web App
YouDontHaveToWatch,,"Love The USA!!  Our leaders are looking out for themselves, not for us!!
My pronouns are Fuh/Que..",False,2022-09-14 02:39:47+00:00,"4 armed men invade home with likely had 40 rounds or more between them..  Kill dad and shoot 12 year old daughter.   So when Czar Biden asks why you need a high capacity magazine, the crime below is a perfect example.. 
#homeinvasion #crime
https://t.co/5cTcGsJwgP",,Twitter Web App
digit,in the blockchain,in crypto nos conf√≠dimus | #Vegan | #Bitcoiner | #Antiwar | $BTC $LTC $XMR | #BTC:1DigitwteXwFcRAaWpVDRp6eKqzC6y9tgm | CoinOS:digit | CoinKit:digit,False,2022-09-14 02:33:49+00:00,"#CraigWright Won‚Äôt Give Cryptographic Proof He‚Äôs #Satoshi, His Lawyers Say at #Hodlonaut Trial || #CraigWrightIsAFraud #crime #faketoshi #Bitcoin #BTC #BSV #Cryptocurrency -  https://t.co/jMEvTqWcnI","['CraigWright', 'Satoshi', 'Hodlonaut']",Twitter Web App
Self-Publishers' Showcase,Reclining with a great read.,"A home for great #IndieReads. Also @SelfPubShowcase and @SelfPubShow2

Get your book in readers' hands for as little as $4.99 per month!",False,2022-09-14 02:30:14+00:00,"Accepting an offer to install technology in his spine, Arthur is now able to infiltrate the minds of anyone infected with microscopic machines known as nanites. https://t.co/VpCYtWBogS @boldycraig #thriller #crime #scifi #action",,Hootsuite Inc.
MI5TER AND3RS0N,The world üåç,"----she-rah----
     
I still love you",False,2022-09-14 02:27:14+00:00,"I think that if you do the #CRIME, then you do the #TIME!

 I also believe that if you do the TIME, you're #EXONERATED from the CRIME!!! #LAW #JUDGE #courttv @CivilRights @JusticeOIG @DOJ #DEPARTMENTOFJUSTICE","['CRIME', 'TIME']",Twitter Web App
AJ Blackston - Financial IT Solutions Consultant,"Washington, DC","News: #Arbitration #Banking #CyberSecurity #Education 
#LegalIssues #ManagementConsulting #Medicine #PopCulture #USGovernment #USMilitary #WhiteCollarCrime",False,2022-09-14 02:27:09+00:00,Oklahoma County government catches recent fraud attempt to purchase drones https://t.co/8Ed1BHcQKx #WhiteCollarCrime #Fraud #Ponzi #InsiderTrading #Embezzlement #Crime #Fraud #Scams #APT #TechNews #AI #Malware #Hackers Please Retweet,,Microsoft Power Platform
Video Forensics,,"REDACTED

Like & RT ‚â† Endorsement",False,2022-09-14 02:25:05+00:00,#UPDATE: Reports say a circus event was happening at #WashingtonPark when shots were fired. #ChicagoPD say this is an active scene with multiple victims in serious to critical condition #police #crime #guncrime #shooting #Chicago #BreakingNews #BREAKING https://t.co/b87qm5XFEL,"['UPDATE', 'WashingtonPark', 'ChicagoPD']",Twitter Web App
Wisconsin Right Now,Wisconsin,"Wisconsin and Milwaukee area breaking news, political and police news, and common sense opinion you won't see elsewhere. jim.wirightnow@gmail.com",False,2022-09-14 02:23:00+00:00,Even the son of a murdered #Burlington cop did not know the killer was granted parole until Wisconsin Right Now told him. #crime #wisconsin #election2022 https://t.co/DwCQ7xw12k,['Burlington'],Twitter Web App
unquestionably criminal,,Unquestionably Criminal tells the stories of victims of crime. Follow along as we uncover the cases that haunt us. @UQCriminal https://t.co/rHU9E0oCP6,False,2022-09-14 02:21:07+00:00,Kids Fishing Discover the Skull of a Mutilated Murder Victim #truecrime #crime #murder #killer #death https://t.co/1oED0gxZIR,"['truecrime', 'crime', 'murder', 'killer', 'death']",Twitter Web App
Rupali Dixit Author,,Author of #Romance & #fantasy novels.,False,2022-09-14 02:20:00+00:00,An incredibly well written book!! https://t.co/TkSCFX9Ny0 @AdrianLavelle #Thriller #Crime,"['Thriller', 'Crime']",SocialChamp IO 
Pawa True Crime,United States of America,"Welcome to your one-stop channel to solved and unsolved stories about crime, murder, and more.",False,2022-09-14 02:16:44+00:00,Woman killed in vehicle crash in Yazoo County https://t.co/snX8bxQNLi #truecrime #truecrimecommunity #truecrimepodcast #crime #murder #podcast https://t.co/527c7a7JLT,"['truecrime', 'truecrimecommunity']",SocialRabbit Plugin
Joanne,"Princeton, NJ","MBA, single parent, and former analyst who seeks truth and justice in this crazy world!",False,2022-09-14 02:13:06+00:00,@stillgray @BrandonStraka Agree #Democrats really picked a winner here! @POTUS tauting his great #inflation plan while #Americans are suffering losing in the #StockMarket #energy #foodprices #housing #crime. Everything this guy touches he destroys. #JoeBama is a failure,"['Democrats', 'inflation']",Twitter for iPad
BookKnocks,United States,"All about #Books #Authors and #Quotes
Visit to start your promotion today https://t.co/LLP8Ag4E00",False,2022-09-14 02:10:43+00:00,"One of the top mystery thrillers in the market, donÔøΩt miss out. #Mystery #Romance #Crime #Thriller @shellyFrome https://t.co/KULhfhkfB9 https://t.co/0gL5lIdpZh","['Mystery', 'Romance', 'Crime', 'Thriller']",SocialPilot.co
Ms. Goddess ü¶ã,üá∫üá∏ ‚ô•Ô∏è,"A free spirit is a trait to be cherished.  üå¥üåª‚úàÔ∏èüç∑  Live according to your own wishes & beliefs, unconstrained by society's conventions. ‚ù§Ô∏èü§çüíô",False,2022-09-14 02:06:06+00:00,"Kim Foxx &amp; Lori Lightfoot are proof #Illinois has Diversity/Equity/Inclusion. I'll call it DIE for short because that's what a lot of people do there. #Chicago #crime @CookCountyGOP

https://t.co/pgj2AUEuZK",['Illinois'],Twitter Web App
Video Forensics,,"REDACTED

Like & RT ‚â† Endorsement",False,2022-09-14 02:05:34+00:00,#BREAKING: #LISTEN: Mass #shooting at #WashingtonPark in #Chicago via @rawsalerts #police #crime #guncrime #ChicagoPD #BreakingNews https://t.co/cG2poChCPe,"['BREAKING', 'LISTEN', 'shooting', 'WashingtonPark', 'Chicago', 'police', 'crime', 'guncrime']",Twitter Web App
AllAuthor,,"AllAuthor official account. Feature your book to get regular  promotion on twitter with exclusive mock-up banners.
https://t.co/rzqhK7d32e",False,2022-09-14 02:05:04+00:00,"The story will keep you spellbound from beginning to end. Grab a copy of ""Stripper!"" now. #crime #fiction #mystery #thriller #series  @3Mdetective Buy Now --&gt; https://t.co/Ew4LztPNw2 https://t.co/Y6HSKbHPmm","['crime', 'fiction', 'mystery']",allauthor
Christopher Oldcorn,,Journalist and Opinion Writer @WSOnlineNews coldcorn@westernstandard.news,False,2022-09-14 02:04:00+00:00,Indigenous senator: Mass stabbing attacks caused by ‚Äúcolonial Canadian policies‚Äù - #news #canada #SaskatchewanStabbings #mylessanderson #mostwanted #rcmp #Sask #saskatchewan #sk #police #crime #violentcrime #criminals #indigenous #firstnations #fsin https://t.co/uVVRT8xmZD,"['news', 'canada']",Buffer
Lord of the Totals,"Philadelphia, PA",Like totals ‚Ä¢ LOVE crying ‚Ä¢ Cry with me ‚Ä¢ 207-168-12 record ‚Ä¢ 4x Overs Club champion ‚Ä¢ #2 ranked Pussy Hound ‚Ä¢ I can open a beer with my small hole ‚Ä¢,False,2022-09-14 02:03:25+00:00,@PFTCommenter Vacate all the Packers wins during his tenure. #crime @FBI,['crime'],Twitter for iPhone
Wondering,,"Former teacher and current grandmother of three.  Now retired, I have returned to my second love, art.",False,2022-09-14 02:02:15+00:00,"@Gottabfishin Two million people, from 50 different countries, have entered the US illegally under Biden.

These include traffickers, drug smugglers, criminals, and terrorists - some with COVID.

But VP Harris says our border is secure.

#Biden #CovidIsntOver #TrumpWasRight #Trending #crime",,Twitter for iPhone
Hanari Pinku,United States,I write and draw...that's all üôáüèæ,False,2022-09-14 02:00:00+00:00,"Check out my #blog for more fun info about Sarina Maxine and feel free to chat with me!
https://t.co/TBBOL7BlUi
#wattpad #booktwt #bts #webtoons #WritingCommunity #books #free #read #romance #agegap #bwwm #tattoos #airforce #soldier #police #detective #gang #crime #mystery",['blog'],Twitter Web App
Crime Voice,California,Crime Voice is a Sacramento-based publishing company that covers crime news in California.,False,2022-09-14 02:00:00+00:00,"#OrangeCounty man arrested on suspicion of attempted murder, sexual assault --

https://t.co/gkFWKeV2iM

#Arrest info at #LocalCrimeNews:

https://t.co/dKzKnLsiNx

#california #crime #news #local #localnews #socal #socalnews #investigation #policeandcrime #crimenews","['OrangeCounty', 'Arrest']",Twitter Web App
ned kelly,,No good deed goes unpunished!,False,2022-09-14 01:59:23+00:00,One injured after package explodes on Northeastern's campus https://t.co/XQKNqqubeq via @nypost   #crime      #Boston,"['crime', 'Boston']",Twitter Web App
Bhaskar Majumdar #WearAMask üò∑üáÆüá≥,New Delhi Dibrugarh Kolkata,"Strategic #CommunicationSpecialist #ESG #Branding #EmployeeEngagement #Digital #PublicAffairs #CSR

#Egis #ESPNStarSports #RelianceIndustries #APCO #AdfactorsPR",False,2022-09-14 01:57:31+00:00,"@TandonRaveena the just loved this explaination, ""The entire #British #museum is basically an active #crime scene üòÄ","['British', 'museum', 'crime']",Twitter for Android
Christopher Oldcorn,,Journalist and Opinion Writer @WSOnlineNews coldcorn@westernstandard.news,False,2022-09-14 01:53:00+00:00,Indigenous senator: Mass stabbing attacks caused by ‚Äúcolonial Canadian policies‚Äù - #news #SaskatchewanStabbings #mylessanderson #mostwanted #rcmp #Sask #saskatchewan #sk #police #crime #parole #violentcrime #criminals #indigenous #firstnations #fsin https://t.co/uVVRT8xUPb,"['news', 'SaskatchewanStabbings']",Buffer
Joseph Lewis,Virginia,"I write thriller/mystery/crime fiction, and my books have won over thirteen awards. Live Your Life, and Make A Difference!
https:https://t.co/hAO2EWM81J",False,2022-09-14 01:51:31+00:00,"@BookSpotlight A Five Star Review for Blaze In, Blaze Out by Author's Reading!

https://t.co/erCB7Lqxsq

#blackrosewriting @brwpublisher #writingcommunity #writing #writer #review #amreading #amwriting #novel #author #thriller #crime #Revenge #detective",,Twitter for Android
ActivistBowen: FULLY VAXXED + BOOSTED!,Hong Kong,"AMERICAN EXPAT in HONG KONG, person, blogger, dissident, son, brother, friend NOT a 1-man show; WE ARE BETTER THAN THIS THE WORLD IS BETTER THAN THIS #SOCIETY",False,2022-09-14 01:45:57+00:00,"update: @nypost: NOT good/ALARMING: Drowning deaths of 3 kids on #CONEYISLAND beach ruled HOMICIDES: medical examiner (September 14, 2022; 8:45 HKT) #CRIME",['CONEYISLAND'],Twitter Web App
MyBookBees,,‚ÄúTake a good book to bed with you‚Äîbooks do not snore.‚Äù,False,2022-09-14 01:45:16+00:00,#Historical #WarFic #Crime #Murder Be prepared for an intense reading experience that won't let you set the book down. #ErnestoPatino Buy Now : https://t.co/uzEwYnD0MI via @amazon https://t.co/zEeTHMUHvB,"['Historical', 'WarFic', 'Crime', 'Murder']",SocialPilot.co
Belinda G. Buchanan,"Taylorsville, KY","I write edgy, women's fiction & mystery novels. Lover of all animals - except snakes. Can be bought with a Kit Kat.",False,2022-09-14 01:45:10+00:00,It's baptism by fire for new police chief Jack Collins as he searches for the killer of a young girl... #Mystery #Suspense #CrimeFiction #SmallTownMurder #ASMSG #IARTG #Paperback #Amazon #BYNR #WomensFiction #LiteraturePosts #Crime #MustReads https://t.co/1U0gQA9Vlu,['Mystery'],Hootsuite Inc.
Derrick  R. Bickley,"Birmingham, United Kingdom","Author of Penguin Books prize-winning short story The Prisoner and crime thriller novel The Hit-and-Run Man, available in most formats. PLEASE NO DMs",False,2022-09-14 01:45:00+00:00,"""A must read for action lovers"" FIVE/FOUR star reader-acclaimed https://t.co/X3Ott0RnHd THE HIT-AND-RUN MAN on #Kindle or your favourite digital store in PAPERBACK AUDIOBOOK HARDBACK plus other formats #NextChapterPub #crimethrillers #crime #mustread #pageturners #crimefiction https://t.co/NK8gkdMfRd",,Twitter Web App
David P Perlmutter - Author. Actor. Dreamer. ‚úçüèºüé¨,"London, England",My #BookToMovie BESTSELLING #TrueStory #WrongPlaceWrongTime with a #Hollywood director + my #CrimeFiction trilogy which readers want as a TV series! üôèüé¨üòé‚≠êÔ∏è,False,2022-09-14 01:44:00+00:00,"5‚≠êÔ∏è‚≠êÔ∏è‚≠êÔ∏è‚≠êÔ∏è‚≠êÔ∏è Downloaded #WriteToSurvive and my day is sorted. #Coffee and a #book. If it's anything like #WriteToKill, I'll be on the edge of my seat. https://t.co/o4xjtQN9y1
#CrimeFiction #bookboost #bookbangs #IARTG #mustread #BookBlitz #BookWorm #London #fiction #crime #BYNR https://t.co/9jK5X7BMoY","['WriteToSurvive', 'Coffee', 'book']",TweetDeck
Lysette,In the Heart of the Carb Belt,"Living low-carb and loving it! I FollowBack...and Unfollowback.           Fat:¬†1g = 9 calories¬†
Protein:¬†1g = 4 calories¬†
Carbs:¬†1g = 4 calories.",False,2022-09-14 01:43:30+00:00,"Watch ""Danger on the Air (1938)"" Nan Grey, Donald Woods, Jed Prouty, Berton Churchill, William Lundigan, Edward Van Sloan, Lee J. Cobb, et al - https://t.co/envzV8JO45 #Drama #Crime #Mystery #Adventure #Romance",,Twitter Web App
Christopher Oldcorn,,Journalist and Opinion Writer @WSOnlineNews coldcorn@westernstandard.news,False,2022-09-14 01:41:00+00:00,Indigenous senator: Mass stabbing attacks caused by ‚Äúcolonial Canadian policies‚Äù - #news #canada #SaskatchewanStabbings #mylessanderson #mostwanted #rcmp #Sask #saskatchewan #sk #police #crime #parole #violentcrime #criminals #indigenous #fsin https://t.co/uVVRT8xmZD,"['news', 'canada']",Buffer
Angi4freedom,,California gold country,False,2022-09-14 01:37:16+00:00,BIDENS IFA ü§•Tucker Carlson 9/13/22  https://t.co/PTROxLQupZ via @FoxNews @thecandaceshow @CGasparino #COVID19 #ClimateEmergency #climatescam #crime #georgesoros #inflation #economy #recession #foodshorage #taxes #IRS #China #npr #mikelindell #raided #feetterman #lump #dowüëé #DOJ,['COVID19'],Twitter for iPad
Hanari Pinku,United States,I write and draw...that's all üôáüèæ,False,2022-09-14 01:35:03+00:00,"Throwback to chapter 31: https://t.co/ubvgllyfHq

#wattpad #booktwt #bts #webtoons #WritingCommunity #books #free #read #romance #agegap #bwwm #tattoos #airforce #soldier #police #detective #gang #crime #mystery #chapter #uniform #blondie #art #mentalhealth https://t.co/4LSqfJFdH6","['wattpad', 'booktwt', 'bts', 'webtoons', 'WritingCommunity', 'books', 'free']",Twitter for Android
BayWest,,,False,2022-09-14 01:33:18+00:00,"Don‚Äôt be fooled, all of the incumbent #Democrats running in the #midterms voted straight up with #JoeBiden and #ChuckSchumer. It is time for a change! #Inflation #Crime #USA #America","['Democrats', 'midterms', 'JoeBiden']",Twitter for iPhone
Raymond Norman,"Wisconsin & Minnesota, USAüá∫üá∏","Smart yet Simple 
Lover of Peeps Animals Earth Nature Culture
#Books #Movies #Music #News #Sports
 üåäüèíüèàüèÄ‚öæÔ∏èü•å‚õ≥Ô∏è

The @MainChannel_ Twitter #Promotion #Network",False,2022-09-14 01:33:08+00:00,"'5‚≠êÔ∏è - well written &amp; suspenseful -- you'll be shocked!'

https://t.co/rn8NwvvE0i

'I read the @AllenMadding‚Äôs ‚ÄúShaken Awake‚Äù trilogy and I was excited to get a hold of this book...'

#KindleUnlimited
#suspense #thriller #mystery #crime
#IARTG #Kindle #books #ebooks #audiobooks",,Postaside
The Main Channel,United States ,"The Maximum Exposure Twitter #Promotion #Network for #Indies & #SmallBusiness

#Marketing #Books #Authors #Filmmakers #Musicians #Artists

DM for #Promo Options",False,2022-09-14 01:33:07+00:00,"'5‚≠êÔ∏è - well written &amp; suspenseful -- you'll be shocked!'

https://t.co/M9WZNVM4s1

'I read the @AllenMadding‚Äôs ‚ÄúShaken Awake‚Äù trilogy and I was excited to get a hold of this book...'

#KindleUnlimited
#suspense #thriller #mystery #crime
#IARTG #Kindle #books #ebooks #audiobooks",,Postaside
WCCB Charlotte's CW,"Charlotte, NC","Watch WCCB  üì∫ üíªüì±We are your #1 source for news, weather, sports & entertainment. (Mentioning us in a tweet = consent to allowing WCCB to use your tweet)",True,2022-09-14 01:30:59+00:00,Check out some of the active inmates being held in Mecklenburg County üöî. #crime #mugs #mugshots #meckcounty #inmates #nccrime  https://t.co/qqoNyuHFho,"['crime', 'mugs', 'mugshots', 'meckcounty']",Echobox
‚ùåüá∫üá∏SYNDROMEüá∫üá∏‚ùå,üá∫üá∏üá∫üá∏üá∫üá∏üá∫üá∏üá∫üá∏üá∫üá∏üá∫üá∏,"Christian, Husband, Father, Papaw, NavyVet #ULTRAMAGA #MolonLabe 1 LIFE; CHOOSE WISELY! #LETSGOBRANDON #PUREBLOOD",False,2022-09-14 01:30:16+00:00,@RNCResearch All REPUBLICAN POLITICIANS BETTER WAKE UP! You should be running on 3 things; #crime #inflation #BorderCrisis  These should be the ONLY topics until the #November8th election! @RNCResearch,"['crime', 'inflation']",Twitter for iPhone
Video Forensics,,"REDACTED

Like & RT ‚â† Endorsement",False,2022-09-14 01:29:59+00:00,#BREAKING: @nzpolice shot at from vehicle during #Auckland chase this morning  https://t.co/CW1QP4o4p6 via @1NewsNZ #police #policing #crime #LawEnforcement #BreakingNews,"['BREAKING', 'Auckland']",Twitter Web App
HousingDrama ‚ôø,planet earth,"#advocacy : enforced #legislation / #law , #accessibility , #consumer protection, #buildingcode #hoa #condo #insurance Share your story : video ,picture",False,2022-09-14 01:29:36+00:00,"@SKMorefield Prosecute as adult. #Texas West Brook High School assault isn't in self defense,attempted murder #crime #notonemore https://t.co/W3INXeDci3 https://t.co/kmctNh1SJp",['Texas'],Twitter for Android
Nitin Chopra,Toronto,"PRIME ASIA TV
Entrepreneur
Publisher-Canada Legal Pages
Publisher-Guardian Business Pages
Publisher-WOW GTA !",False,2022-09-14 01:29:25+00:00,"@PeelPolice BC Gangster Shot Dead in #On 

#crime 

https://t.co/g3JBwQPnBt https://t.co/g6c0cijfKr","['On', 'crime']",Twitter for Android
ymediagroup,Canada,"Your daily dose of latest news, alerts and more from Canada's largest South Asian community media group. Contact Number - 416-475-5000",False,2022-09-14 01:29:25+00:00,"Y MEDIA BREAKING NEWS
#ymedia #crime #Brampton #swordfight 
@YudhvirJaswal @PeelPolice 
https://t.co/fzCBKvRPvz https://t.co/sMIORewUQe","['ymedia', 'crime', 'Brampton', 'swordfight']",Twitter Web App
BookTeasers,Worldwide,üìéGreat Books Listed Daily! #WritingCommunity BOOK PROMOTION via @TweetYourBooks to 1.35 MILLION FOLLOWERS #amreading #Author #BookPromo,False,2022-09-14 01:25:15+00:00,"‚ûñ Purple Kitty ‚ûñ
Serena McKay, PI - not like any crime story you've read before.
A dark #postapocalyptic dystopian crime series.
Free to read on Kindle Unlimited.
Now on #Audible.
‚û°Ô∏è https://t.co/Fsm98eQUKa  
#readers #crime #dystopian
#booktwitter @chariss_walker https://t.co/Qf9BOKhpQ9",['postapocalyptic'],Sendible
Michele Weinstat Miller (also Michele W. Miller),NYC,Author: ‚ÄúGONE BY MORNING‚Äù (@CrookedLaneBks);‚ÄúWIDOWS-IN-LAW‚Äù (Blackstone); ‚ÄúTHE 13th STEP: ZOMBIE RECOVERY.‚Äù Repped Writers House. ExChief NYC Ethics Prosecutor.,False,2022-09-14 01:22:18+00:00,"Two unique women‚Äîa City Hall press officer and an elderly ‚Äúex-con‚Äù‚Äîtake on dangerous men in the world of NY politics.

4.6‚≠êÔ∏è reader average!

Get ""GONE BY MORNING"" here: https://t.co/Y7osCCQAYF 

#thriller #crime #suspense #booktwt #NYC #mystery #nyc #bookboost #ebook #audiobk https://t.co/hkXi3hYZD0",,Ripl App
The Best of Erotica & Romance,United States,"Flexible & Affordable #BookPromotion for #Authors & #Publishers

#Erotica #Romance #Erotic #EroticRomance #Steamy #BookMarketing 18+ 

DM for #Promotion Options",False,2022-09-14 01:18:10+00:00,"'Beautifully written, an excellent beginning to what I can tell you will be am amazing series (by @DieselJester)! Steampunk and the future are simply put, a sexy combo!'

https://t.co/4PAcpcY0Z3

#erotic #romance #lust #crime #mystery #steampunk
#IARTG #Kindle #books #ebooks",,Postaside
Amber,Minnesota,‚ÄúWhat hurts us most in life is the image of how things are supposed to be‚Äù,False,2022-09-14 01:15:22+00:00,"@jhuntermav This is so outrageous and unacceptable, thank you for putting this together for everyone to see the #crime so easily. #AMC #APESNEVERLEAVING",,Twitter for iPhone
